"","Albemarle County","Amelia County","Amherst County","Arlington County","Bedford County","Chesapeake City","Fairfax County","Floyd County","Franklin County","Gloucester County","Greensville County","Henrico County","King George County","Lancaster County","Lee County","Loudoun County","Louisa County","Lynchburg City County","Mecklenburg County","Newport News City","Newport News City North","Orange County","Patrick County","Petersburg City","Pittsylvania County","Pulaski County","Richmond City","Roanoke County","Rockbridge County","Rockingham County","Spotsylvania County","Virginia Beach City","Virginia Beach City North","Warren County","Washington County","Northeast District Office"
"Accomack County",380614,334476,456520,305340,488918,142070,340680,636250,506040,199038,257271,279266,356629,254343,881826,362531,356989,455058,342395,158222,170734,386807,537752,257336,451479,643835,264250,576561,486195,470074,340627,133360,113674,418243,762414,282345
"Albemarle County",9270,128536,79405,186958,144947,293477,162480,259541,204285,215530,227161,113965,145595,234699,505118,172534,59583,109068,187098,234050,219733,57026,275148,160714,177105,267126,124791,199852,109486,93365,107562,292299,278120,125006,385705,107514
"Alexandria city",179952,220729,255858,2673,321400,325119,37486,457811,430011,247172,268470,157732,107769,178367,703387,70023,139776,285521,320729,265692,251375,131699,499275,202024,353558,465396,166100,398122,307756,222411,93567,323941,309762,115034,583975,167218
"Alleghany County",175847,262718,126303,376405,125340,460054,342614,173008,145207,382108,393739,280542,312173,401277,371777,333400,226161,149599,273957,400628,386311,223604,214471,327292,193312,180593,291368,113319,74040,160005,274139,458876,444697,265665,299171,274092
"Amelia County",122804,1309,138583,223680,156231,195053,224117,267141,203237,164467,108171,73183,158970,196756,530918,272978,99179,122371,100367,182987,168670,128998,266443,58243,172220,292927,69734,211127,191471,212265,142968,241236,227057,215846,411506,73042
"Amherst County",91705,156681,20266,269393,70443,375912,246385,193784,129786,297966,244614,196400,228030,317135,439361,256439,142018,51669,167920,316486,302168,139462,217749,207096,119706,201369,207226,134095,47454,134375,189997,374734,360555,240035,319948,189949
"Appomattox County",99084,88439,52387,300013,70035,282784,251685,180946,129373,248391,176371,157107,235303,280679,444723,261739,120169,36175,99678,266911,252594,138968,190533,152111,92490,206732,153658,124931,105276,158138,168148,325159,310980,223157,325310,143698
"Arlington County",186258,227300,256394,7776,321936,331690,26606,446919,419118,253743,275041,164303,114340,207859,692495,54566,146347,286057,327299,272263,257946,135936,488382,208595,354093,454504,172671,387230,296864,211519,100138,330512,316333,104141,573082,173789
"Augusta County",67739,187005,101877,262280,133819,351946,228489,215061,187261,273999,285630,172434,204064,293168,460638,219275,118052,131540,245567,292519,278202,115495,256525,219183,199577,222646,183260,155372,65006,45880,166031,350768,336589,151540,341225,165983
"Bath County",138589,257856,122847,335700,145171,422796,301909,192839,165038,344850,356481,243284,274915,364019,438415,292695,188903,146143,270501,363370,349053,186346,234302,290034,222286,200424,254110,133150,70584,110720,236881,421618,407439,224960,319002,236834
"Bedford County",145534,158228,69025,323223,4280,352573,300215,112369,59387,318180,246161,250229,281860,350469,377831,336916,195848,46185,152866,336700,322383,193291,130815,221901,68489,139840,223447,58039,76904,163521,243826,394949,380770,269181,258418,243779
"Bland County",315883,343603,254399,516440,191672,600090,482650,113674,187908,522144,463641,420578,452208,541313,234543,473436,366196,231560,323320,540664,526346,363640,126725,407275,238979,58462,431404,144210,213424,300041,414175,598912,584733,405701,115130,414127
"Botetourt County",156048,202496,98223,356606,50672,440255,322815,120992,93192,362309,290429,260743,292374,381478,366569,313601,206362,79382,197134,380829,366511,203805,162456,307493,117693,128577,271569,61303,53589,140206,254340,439077,424898,245866,247156,254293
"Bristol city",403069,430789,341585,603626,278857,687276,569835,200859,275094,609329,550827,507764,539394,628498,103792,560621,453382,318746,410506,627849,613532,450825,213911,494461,326164,145648,518590,231396,300609,387226,501361,686098,671919,492886,21877,501313
"Brunswick County",229656,77769,188253,278264,205901,166280,278700,291673,224519,198811,34203,128308,213554,231100,626464,327562,206031,172041,63430,183157,203014,235850,258786,80013,169958,342597,115749,260797,241141,319116,197552,181558,176937,316767,507051,131387
"Buchanan County",450670,478390,389186,651227,326459,734877,617437,248461,322695,656930,598428,555365,586995,676100,170256,608223,500983,366347,458107,675451,661133,498426,261512,542062,373766,193249,566191,278997,348210,434828,548962,733699,719520,540487,99433,548914
"Buckingham County",62311,73011,56627,229853,109511,288828,223857,220422,168849,210881,172360,117726,202881,238461,484199,233911,84114,75651,121735,229401,215084,102912,230009,137739,131965,246207,118611,164407,109516,151771,132092,287650,273471,186383,364786,111276
"Buena Vista city",114806,181045,44629,315363,63941,399013,281573,158373,130573,321066,268977,219501,251131,340236,403950,272359,165119,65837,192283,339587,325269,162563,199837,266251,128637,165958,230327,98684,12043,98964,213098,397835,383656,204623,284537,213050
"Campbell County",126459,125747,49949,304147,50710,309190,281139,155120,103719,285699,175592,194416,280203,317988,425397,291193,176772,27077,103732,304220,289902,174215,161971,178517,63928,187406,190967,105605,102837,173696,224751,324468,348289,243665,305984,194275
"Caroline County",157630,120666,233536,122087,299079,225057,122524,413266,385466,119251,168408,57670,36572,100286,658843,171385,75240,263200,220666,165630,151313,90792,385320,101962,291098,420851,66038,353577,263211,175984,41375,223879,209699,160590,539430,67156
"Carroll County",303855,331575,242372,504413,179644,475626,470622,50023,100838,510116,343550,408550,440181,529285,260481,461408,354169,219533,257097,528636,514319,351612,60502,423131,160089,46058,419377,105856,201396,288013,402147,490904,572706,393673,141068,402100
"Charles City County",164437,104810,240343,205162,259252,134062,205598,420073,302127,71282,106013,63089,140452,103571,665649,254460,140812,225392,165515,74635,60318,170630,360872,47407,271110,427658,48073,360384,270018,253897,124450,132884,118705,243665,546237,66168
"Charlotte County",148234,80387,103357,299552,105765,262974,299988,179527,131931,240339,130897,149055,234842,272627,480453,348849,161791,82133,51823,258859,244541,180590,195987,132496,89888,242461,145606,160661,156246,209060,218839,278252,273631,272307,361040,148914
"Charlottesville city",5348,119377,84095,178156,149638,284318,156048,264232,208975,206371,218002,104806,136793,225540,509808,166102,50424,113758,179436,224891,210574,47155,279838,151555,181795,271817,115632,204543,114177,98056,98403,283140,268961,118574,390395,98355
"Chesapeake city",285924,194946,361830,326649,349782,13448,327085,448290,383692,104348,134923,184575,261939,159653,787136,375947,262298,315922,220047,63532,76043,292117,415403,134988,329131,549145,169560,481871,391505,375384,245937,39294,39962,365152,667723,187655
"Chesterfield County",141994,45168,168082,194034,199609,170643,194470,310520,246615,119415,106825,43537,129324,151704,574297,243332,118368,165749,143377,137935,123618,148187,309821,27429,215599,336306,41622,254505,247575,231454,113322,196184,182005,232537,454884,46616
"Clarke County",180784,267659,250964,112969,286528,372049,90292,367770,339969,294102,315401,204662,151449,248218,613346,49465,154670,280627,367659,312623,298305,130462,409233,248954,348663,375355,213030,308081,217715,132370,138476,370871,356692,36135,493933,214148
"Colonial Heights city",150018,73026,182837,198626,226512,136827,199062,337423,261878,116100,73008,48670,133916,148389,651231,247923,126393,192652,125267,134620,120303,156212,320623,4506,230862,413239,36111,281408,255599,239478,117913,152105,147484,237128,531818,51749
"Covington city",169321,256193,119777,369879,118814,453529,336088,166482,138682,375582,387213,274016,305647,394751,412059,326874,219635,143073,267431,394102,379785,217078,207946,320766,186786,174067,284843,106793,67515,153479,267613,452351,438172,259139,292646,267566
"Craig County",208302,255683,150477,408859,103752,492509,375068,118981,99989,414562,343616,312997,344627,433731,364558,365854,258615,143641,250321,433082,418765,256058,160445,319356,151059,126566,323823,58181,105842,192459,306594,491331,477152,298119,245145,306546
"Culpeper County",88485,151303,158620,112688,224162,303206,78898,338756,283500,225260,246558,135819,85486,179004,584333,88951,62370,188283,298816,243780,229463,38162,354363,180111,256319,346341,144188,279067,188701,111922,53542,302028,287849,67528,464920,130313
"Cumberland County",82594,41956,85427,236535,138310,257773,236972,249221,197648,179826,173130,86671,171826,207406,512998,227075,76793,104450,114717,198346,184029,102257,258808,106684,160765,275006,87556,193206,138315,172054,120461,256595,242415,191993,393585,80221
"Danville city",210949,172006,134439,391171,103519,320384,365629,124145,76161,341121,188308,240674,326461,373410,403592,375682,261262,111600,101856,359641,345324,258705,91259,222323,35230,183693,258058,112813,187327,258186,310459,335662,331042,328155,284180,240533
"Dickenson County",472158,499878,410675,672716,347947,756366,638925,269949,344184,678419,619917,576853,608484,697588,123440,629711,522472,387836,479596,696939,682622,519915,283001,563551,395254,214738,587680,300486,369699,456316,570450,755188,741009,561976,88316,570403
"Dinwiddie County",184183,67776,185400,232791,203048,162497,233227,321384,238415,153338,59537,82835,168081,185627,577736,282089,160558,169188,93141,171859,157541,190377,288497,34540,199669,339744,70276,257944,238288,273643,152079,177775,173154,271294,458323,85914
"Emporia city",220323,107982,225607,268931,243255,133261,269367,314554,249956,182668,1422,118975,204221,214956,649707,318229,196698,209395,86311,150138,162649,226517,281668,72563,195395,379951,106416,298151,325904,309783,188219,148539,143918,307434,530294,122054
"Essex County",178545,141977,254452,153693,319994,192039,154129,434182,406381,82801,174352,79060,52545,58744,679758,202991,128860,284115,233422,123636,118295,130544,428779,114717,312408,441767,71027,374493,284127,268006,81362,190861,176682,187877,560345,88466
"Fairfax city",169036,226912,239172,26225,304714,331302,7161,430386,402586,253356,274654,163915,113953,207472,675963,49979,145960,268835,326912,271876,257558,118714,471850,208207,336871,437971,172284,370697,280331,194987,99750,330124,315945,87609,556550,173401
"Fairfax County",174008,222508,244144,21821,309686,326899,15082,435167,407367,248952,270250,159512,109549,203068,680744,58142,141556,273807,322508,267472,253155,123685,476631,203803,341843,442752,167880,375478,285112,199768,95347,325720,311541,92390,561331,168998
"Falls Church city",179233,228382,249368,10501,314910,332772,19581,439893,412092,254825,276123,165385,115422,208941,685469,49826,147429,279031,328381,273345,259028,128910,481356,209677,347068,447478,173753,380204,289838,204493,101220,331594,317415,97115,566056,174871
"Fauquier County",125729,212603,195864,81271,261406,316993,47480,395160,367359,239046,260345,149606,96393,193163,640736,57534,99614,225527,312603,257567,243249,75406,436623,193898,293563,402745,157974,335471,245105,159760,83420,315815,301636,52382,521323,159092
"Floyd County",257078,284798,195594,457635,132867,541285,423845,3887,55928,463338,320976,361773,393403,482508,300192,414631,307391,172755,234524,481859,467541,304835,46399,348470,112388,62200,372599,60603,154619,241236,355370,540107,525928,346896,180779,355322
"Fluvanna County",46000,82648,96244,188381,158302,261809,164943,301636,217640,183862,196181,82296,136074,203031,547212,174997,42642,125907,160323,202382,188065,52226,278800,129734,180756,309221,93123,241947,151581,135460,90620,260631,246452,141962,427799,75846
"Franklin city",237252,149450,270071,285860,295042,79465,286296,369879,305281,137158,56512,135904,221150,192463,705032,335158,213627,261182,141636,96342,108853,243446,336992,89492,250720,431739,123345,349938,342833,326712,205148,94743,90123,324363,585619,138983
"Franklin County",230564,203484,126652,431121,63925,383519,397330,48761,792,363436,251442,335259,366889,455993,375441,388116,280877,103813,171975,381956,367639,278320,62198,255594,57446,137450,268703,39166,128104,214721,328856,398797,394176,320381,256028,328808
"Frederick County",210977,301591,245116,138182,280679,405982,124063,361922,334121,328035,349333,238595,185381,282151,607498,74678,188603,274779,401591,346555,332238,164394,403385,282886,342815,369507,246963,302233,211867,126522,172408,404803,390624,47114,488085,248081
"Fredericksburg city",106759,147632,182665,77339,248208,252022,77775,362395,334595,149809,195373,84635,32234,125753,607972,126637,63723,212329,247632,192595,178278,58506,412285,128927,280365,369980,93003,302706,212340,143698,17513,250844,236665,115839,488559,94121
"Galax city",324727,352447,263243,525284,200516,532680,491494,65693,116508,530987,400604,429422,461052,550157,269308,482280,375040,240404,275157,549508,535190,372484,78562,434278,178149,67306,440248,121526,222268,308885,423019,547958,543338,414545,149896,422971
"Giles County",271998,299718,210515,472556,147787,556206,438765,87651,144024,478259,387651,376693,408324,497428,289800,429551,322312,187676,294356,496779,482462,319755,129115,363391,195094,46730,387519,100325,169539,256156,370290,555027,540848,361816,170387,370243
"Gloucester County",210189,164051,286095,250914,318493,102237,251350,465825,365499,3142,184142,108840,132064,58713,711401,300212,186564,284633,243211,42213,35189,216382,438568,124506,334482,473410,93825,406136,315770,299649,170202,101059,86880,289417,591988,111920
"Goochland County",73007,50865,148914,201009,182593,230657,201446,328643,241931,152711,164341,51145,136300,171880,574220,188541,49382,148733,148565,171231,156913,79201,314641,97895,205047,336228,61971,268954,178588,162467,81927,229479,215300,166049,454807,44695
"Grayson County",338332,366052,276849,538889,214121,560945,505099,100484,151300,544593,428868,443027,474657,563762,236573,495885,388646,254009,309948,563113,548795,386089,113353,462542,212940,80911,453853,166659,235873,322490,436624,621361,607182,428150,117160,436577
"Greene County",45531,145351,115666,171247,181208,310292,137456,283879,256078,232345,243976,130779,125821,219340,529455,147509,55880,145329,223359,250865,236548,36182,325342,177529,213365,291464,141606,224190,133824,50760,88852,309114,294934,99982,410042,124329
"Greensville County",220715,108603,226228,269323,243876,137797,269759,315175,250577,183060,5721,119367,204613,215348,650328,318621,197090,210016,86932,154674,187263,226909,282288,72955,196016,380572,106808,298771,326296,310175,188611,153075,148455,307826,530915,122446
"Halifax County",188139,119074,111629,338239,99108,279838,338676,159551,111955,279026,147761,187742,273530,311315,467040,387537,213738,88758,61309,297547,283229,220217,154707,171184,54236,234809,184294,145705,164517,235376,257527,295116,290495,305345,347628,187601
"Hampton city",242304,196166,318210,283029,350608,51071,283465,497940,397613,60728,152908,140955,218319,116033,743516,332327,218678,316748,238032,19912,32423,248497,433389,156621,366597,505525,125940,438251,347885,331764,202317,49893,35714,321532,624103,144035
"Hanover County",107316,81917,183223,139176,248765,192005,139613,362953,335152,114058,135357,17714,74466,122457,608529,188474,59679,212886,187615,132579,118261,90538,346570,68910,252348,370537,32986,303263,212898,196776,58464,190827,176648,177679,489116,30336
"Harrisonburg city",94172,213438,128310,216689,163874,378379,182898,245116,217316,300432,312063,198867,174050,319602,490693,173684,104109,157973,272000,318953,304635,84411,286580,245617,226010,252701,209693,185427,95061,7199,137081,377201,363022,105949,371280,192416
"Henrico County",147204,80474,223111,186107,234916,170071,186543,402841,281922,92124,97307,43968,121397,124413,648417,235405,123579,201056,153748,110644,96327,153398,349105,35043,250906,410425,18174,343151,252786,236664,105395,168893,154714,224610,529004,47048
"Henry County",242642,237707,166132,482192,115456,386085,448401,71419,53585,406822,254009,306375,392162,439111,343533,439187,292955,143293,167557,425342,411025,290398,31199,288024,70548,123633,323760,90237,179175,265792,340934,401363,396743,371452,224120,306234
"Highland County",134942,254208,169080,308794,201022,419149,275004,253165,225365,341202,352833,239637,271267,360371,498742,265790,185255,198743,312770,359722,345405,182698,294629,286386,266780,260750,250463,193476,132209,89819,233234,417971,403792,198055,379329,233186
"Hopewell city",152056,75064,184875,201730,229506,132679,202167,407692,268500,96719,77122,50708,137021,129008,653269,251028,128431,195646,131889,115240,100922,158250,327245,15287,237484,415277,34083,284402,257637,241516,121018,147957,159309,240233,533856,53787
"Isle of Wight County",230151,142348,262970,282762,297185,61185,283199,410511,332552,84987,92341,128803,218053,140292,671873,332060,206526,263325,182268,43264,57271,236344,377625,82390,288796,433881,116243,352081,335732,319611,202050,76463,71843,321265,552460,131882
"James City County",191952,145815,267859,232678,300256,109009,233114,447589,347262,60806,165905,90604,167968,95850,693165,281976,168327,266396,197989,49582,35265,198146,393346,106270,316246,455174,75589,387900,297534,281413,151966,107831,93652,271181,573752,93684
"King and Queen County",174034,137465,249940,184426,315482,165556,184863,429670,401869,57286,169841,74548,81391,77630,675246,233724,123772,279603,228910,106130,91812,153131,424267,110205,307897,437255,66516,369981,279615,263494,103714,164378,150199,222929,555834,83955
"King George County",139121,158315,215028,109701,280570,262705,110138,394757,366957,132122,206057,95318,3436,101349,640334,158999,93585,244691,258315,203279,188961,90868,422969,139610,312727,402342,103686,335068,244702,176061,47376,261527,247348,144775,520921,104804
"King William County",148143,111574,224049,166289,289591,165260,166725,403779,375978,69476,143950,48657,88148,87870,649355,215587,124518,253712,203019,105833,91516,134993,398376,84314,282006,411364,40624,344090,253724,237603,85577,164082,149903,204792,529942,58064
"Lancaster County",229870,183732,305777,220756,338174,148191,221193,485507,385180,48105,203823,128522,113007,15086,731083,270054,206245,304314,262893,88167,81143,197607,458249,144188,354164,493091,113506,425818,335452,319330,148425,147013,132834,254940,611670,131602
"Lee County",506414,534134,444930,706971,382203,790621,673181,304205,378439,712674,654172,611109,642739,731844,2983,663967,556727,422091,513851,731195,716877,554171,317256,597806,429510,248993,621935,334741,403955,490572,604706,789443,775264,596232,125222,604658
"Lexington city",107702,189873,53457,308260,75229,391910,274469,153330,125529,313963,325594,212397,244028,333132,398906,265255,158016,77125,201112,332483,318166,155459,194793,259147,152897,160915,223224,93641,72,91860,205994,390731,376552,197520,279493,205947
"Loudoun County",173647,261895,243782,75718,309325,366285,53041,410036,382236,288338,309636,198898,148935,242454,655613,12577,147533,273446,361895,306858,292541,123324,451500,243190,341482,417621,207266,350347,259981,174637,134733,365107,350928,72730,536200,208384
"Louisa County",61792,88276,137698,148458,203241,253217,143099,317428,289628,175270,186901,73705,96151,194439,563005,153153,7873,167362,185976,193790,179473,40670,333441,120454,235398,325013,84531,257739,167373,151252,50698,252039,237860,130661,443592,67254
"Lunenburg County",158988,59447,155107,278612,172755,215150,279048,225021,177426,213274,83074,128115,213902,245563,547443,327910,154111,138895,46371,231794,217477,183929,231203,91760,136980,309451,130211,227651,207995,248448,197900,230428,225808,270778,428030,127974
"Lynchburg city",110505,124289,33996,288194,36943,318634,265186,147860,96287,284241,212222,215200,246831,335935,411637,275239,160819,3283,135528,302762,288444,158262,175119,187962,77076,173645,189509,91845,69830,157742,208797,361010,346831,227711,292224,208750
"Madison County",57017,148034,127153,147739,192695,312975,113949,307289,252033,235028,246659,133463,113373,206891,552866,124002,58564,156816,234846,253548,239231,28642,322896,180212,224852,314874,144289,247600,157234,80455,81429,311797,297618,72917,433453,127012
"Manassas city",138403,210383,208538,53184,274080,314774,19553,412536,384736,236827,258125,147387,97424,190943,658113,48797,112289,238201,310383,255347,241030,88080,454000,191678,306238,420121,155755,352847,262481,177136,83222,313595,299416,69759,538700,156873
"Manassas Park city",142780,211696,212916,52473,278458,316086,16350,416779,388978,238139,259438,148699,98737,192255,662355,45594,116666,242579,311696,256660,242342,92458,458242,192991,310615,424364,157067,357090,266724,181379,84534,314908,300729,74001,542942,158185
"Martinsville city",228422,222438,151913,406111,101920,370816,383103,74219,46184,391553,238740,291106,376893,423841,358608,431786,278736,129073,152287,410073,395756,276179,46274,272755,56329,138709,308490,82836,171774,258391,326714,386094,381474,364051,239195,290965
"Mathews County",234867,188729,310774,250943,343171,132652,251380,490504,390177,32566,208820,133519,149795,61573,736080,300241,211242,309311,267890,72628,65604,241061,463246,149185,359161,498088,118503,430814,340449,324327,194880,131474,117295,285127,616667,136598
"Mecklenburg County",179138,100328,150076,317742,154518,217553,318179,235095,172317,238290,85477,167786,253032,270578,514543,367040,245509,133864,6852,256810,242493,211493,202209,119492,117756,294643,155227,206067,202964,268598,237030,232831,228211,356245,395130,170866
"Middlesex County",205830,159693,281737,212652,314134,135907,213088,461467,361140,34475,179783,104482,111504,36263,707043,261950,182205,280274,238853,75884,68860,212024,434210,120148,330124,469052,89467,401778,311412,295291,140321,134729,120550,246836,587630,107562
"Montgomery County",222859,250579,161376,423417,98648,507067,389626,41442,94885,429120,338512,327554,359185,448289,287034,380412,273173,138537,245217,447640,433323,270616,82906,314252,145955,49043,338381,51670,120400,207017,321151,505889,491710,312677,167621,321104
"Nelson County",55046,121503,31322,232734,96864,339253,209726,207775,156202,261306,272937,159740,191371,280475,471552,219779,105359,60985,160565,279826,265509,102802,227065,206490,129021,233560,170567,151760,77819,102283,153338,338075,323896,172252,352139,153290
"New Kent County",161209,115071,237115,201934,269513,134361,202371,416845,316519,53069,135162,59861,137224,85358,662422,251232,137584,235653,194231,74934,60617,167402,389588,75527,285502,424430,44845,357156,266790,250669,121222,133183,119003,240437,543009,62940
"Newport News city",226085,179947,301991,266810,334389,62586,267247,481721,381395,47621,133678,124737,202100,102926,727297,316108,202460,300529,259107,6920,16205,232278,454464,140403,350378,489306,109721,422032,331666,315545,186098,68668,54489,305313,607885,127816
"Norfolk city",254012,207874,329918,294737,362316,31218,295173,509648,409322,72436,137330,152663,230027,127741,755224,344035,230387,328456,222454,31620,44131,260205,417811,168329,331538,517233,137648,449959,359593,343472,214025,30040,12894,333240,635811,155743
"Northampton County",324747,278609,400654,365472,433051,86203,365909,580383,450173,143172,201404,223399,300763,198476,825960,414770,301122,399191,286528,102356,114867,330941,481885,201469,395612,587968,208383,520694,430328,414207,284760,77493,57808,403975,706547,226478
"Northumberland County",231954,206140,307860,210066,373402,170599,210502,487590,459789,70513,226231,132468,100952,16315,733166,259364,185233,337523,285301,110575,103551,186917,480657,166596,376572,495175,135914,427901,337535,321414,137735,169420,155241,244250,613753,141874
"Norton city",463858,491578,402374,664415,339646,748065,630624,261648,335883,670118,611616,568552,600183,689287,66569,621410,514171,379535,471295,688638,674321,511614,274700,555250,386953,206437,579379,292185,361398,448015,562150,746887,732708,553675,80015,562102
"Nottoway County",142898,32768,139016,254972,156665,198619,255409,267575,192031,189461,92207,104476,190263,221750,531352,304270,133644,122805,77939,207981,193664,163463,255237,67947,161015,293361,106398,211560,191905,232358,174260,213897,209277,250311,411939,107507
"Orange County",58166,122389,134072,123649,199614,275813,113778,313802,286002,197867,221046,97272,82286,175805,559378,123831,30749,163735,219641,216387,202069,9913,329815,154599,231772,321387,118676,254113,163747,95105,45317,274635,260456,101340,439966,101399
"Page County",100573,200393,156056,159543,218752,365334,125752,299995,272194,287387,299018,185822,150580,244099,545571,132940,110923,185720,278401,305908,291590,91225,341458,232572,253756,307579,196648,240305,149940,64595,118636,364156,349977,45973,426158,179371
"Patrick County",276824,271890,200315,502200,137329,420268,468409,44141,63742,441005,288192,340558,426345,473293,316256,459195,327138,177475,201739,459525,445208,324581,4077,322207,104731,96356,357942,99722,199183,285800,375116,435546,430926,391460,196843,340417
"Petersburg city",155441,67597,188260,204049,222433,130001,204485,333344,257800,124597,66959,54093,139339,156885,597121,253347,131816,188573,121188,143117,128799,161635,316545,6593,226783,359129,41534,277329,261023,244902,123337,145279,140659,242552,477708,57173
"Pittsylvania County",182873,168237,106364,360562,75443,328444,337554,111784,61248,328189,196367,236905,322692,360478,409483,347607,233187,83524,109915,346709,332392,230630,97150,220347,7155,184102,233456,94998,159252,230111,281165,343722,339102,300080,290070,236764
"Poquoson city",235908,189770,311814,276633,344212,70208,277070,491544,391218,49990,162265,134560,177303,105294,737121,325931,212283,310352,268930,17131,26028,242101,464287,150226,360201,499129,119544,431855,341489,325368,195921,69030,54851,315136,617708,137639
"Portsmouth city",263426,217288,339333,304151,371730,27250,304588,519063,379746,81851,130976,162078,239442,137156,764639,353449,239801,337870,216100,41035,53546,269620,411457,131041,325185,526648,147062,459374,369008,352886,223439,37112,30840,342654,645226,165158
"Powhatan County",97615,31677,115195,208101,168079,225665,208538,278989,227416,147718,141023,58237,143392,178972,542766,257399,73990,134219,129377,166239,151921,103808,295453,74576,190533,304775,55449,222974,168083,187075,127389,224487,210308,190657,423353,51787
"Prince Edward County",107722,49408,95476,268573,113124,243753,269010,224035,157390,209360,119681,118076,203864,241649,487812,317871,121279,79264,72515,227880,213563,140077,229237,113081,115639,249820,114628,168020,148365,197182,187861,286129,271950,231794,368399,117935
"Prince George County",173342,85539,206161,217812,240376,118349,218249,351287,275743,104995,71734,71994,153103,137283,615064,267110,149717,206516,139131,101928,109197,179535,334487,25581,244726,377072,59434,295272,278923,262802,137100,133627,129006,256315,495651,75073
"Prince William County",142075,204887,212210,55713,277752,309277,25453,418647,390846,231331,252629,141890,91928,185447,664223,54697,115960,241873,304887,249851,235533,91752,460110,186182,309909,426232,150259,358958,268592,183247,77725,308099,293920,75869,544810,151377
"Pulaski County",254793,282513,193310,455351,130582,539000,421560,52584,126819,461054,370446,359488,391119,480223,254192,412346,305107,170470,277151,479574,465257,302550,94047,346185,177889,7280,370314,83120,152334,238951,353085,537822,523643,344611,134780,353038
"Radford city",240490,268210,179006,441047,116279,524697,407257,38264,112515,446750,356142,345185,376815,465920,267594,398043,290803,156167,262848,465271,450953,288247,79727,331882,163586,29603,356011,68817,138031,224648,338782,523519,509340,330307,148181,338734
"Rappahannock County",94108,185124,164243,118055,229785,340949,84264,329821,302020,263002,284300,173562,120348,217118,575397,94318,95654,193906,271936,281522,267205,65733,371284,217854,261943,337406,181930,270132,179766,94421,92042,339771,325592,33454,455984,164103
"Richmond city",117999,61843,193906,167148,216285,178165,167584,373636,263291,100218,109115,16651,102438,132506,619212,216446,94374,182425,161373,118738,104421,124193,326497,42668,232274,381221,7948,313947,223581,207460,86436,176986,162807,205651,499799,19731
"Richmond County",193713,157144,269619,171825,335161,187595,172261,449349,421548,86736,189520,94227,64076,38843,694925,221123,146992,299282,248589,127571,120547,148676,443946,129884,327575,456934,86194,389660,299294,283173,99494,186417,172238,206009,575512,103634
"Roanoke city",189993,202754,113551,390550,50823,474200,356760,63662,44929,396253,290687,294688,326318,415423,334870,347546,240306,90711,197392,414774,400456,237750,115876,266426,95999,96879,305514,8156,87534,174151,288285,473022,458843,279811,215458,288237
"Roanoke County",204121,231841,142638,404679,79910,488328,370888,68093,76147,410382,319774,308816,340447,429551,319901,361674,254435,119798,226479,428902,414585,251878,109557,295514,127217,81909,319642,34338,101662,188279,302413,487150,472971,293939,200488,302366
"Rockbridge County",109350,194397,57982,309907,79382,393557,276116,158984,131184,315610,327241,214044,245675,334779,404561,266902,159663,81278,205636,334130,319813,157106,200448,260794,157422,166569,224871,99295,6109,93507,207642,392379,378200,199167,285148,207594
"Rockingham County",104180,223446,138318,217252,173882,388387,183462,255124,227324,310440,322071,208875,183146,329610,500701,174248,113206,167981,282008,328961,314643,93508,296588,255624,236018,262709,219701,195435,105069,17207,146177,387209,373030,106512,381288,202424
"Russell County",422775,450495,361291,623332,298564,706982,589542,220566,294800,629035,570533,527470,559100,648205,123584,580328,473088,338452,430212,647556,633238,470531,233617,514167,345871,165354,538296,251102,320316,406933,521067,705804,691625,512592,38932,521019
"Salem city",188927,216647,127443,389484,64716,473134,355694,72649,48763,395188,304580,293622,325252,414357,318226,346480,239241,104604,211285,413708,399390,236684,114113,280319,99833,80234,304448,9758,86468,173085,287219,471956,457777,278745,198813,287172
"Scott County",464469,492189,402985,665026,340258,748676,631236,262260,336494,670730,612227,569164,600794,689899,54228,622022,514782,380146,471906,689250,674932,512226,275311,555861,387565,207048,579990,292796,362010,448627,562761,747498,733319,554287,83277,562713
"Shenandoah County",150026,269293,184165,160715,219729,434234,126925,300971,273170,356287,367918,254721,188243,285012,546547,117711,141712,213828,327855,374807,360490,122014,342435,301471,281865,308556,265548,241282,150916,65571,175270,433056,418877,49976,427135,248271
"Smyth County",341182,368902,279699,541740,216971,625390,507949,138973,213208,547443,488941,445877,477508,566612,167120,498735,391496,256859,348620,565963,551646,388939,152024,432575,264278,83762,456703,169509,238723,325340,439474,624211,610032,431000,47707,439427
"Southampton County",226930,139128,259749,275538,284720,97468,275974,359301,294703,132582,45934,125582,210828,221563,694454,324836,203305,250860,131058,90860,126856,233124,326414,79170,240142,421417,113023,339616,332511,316390,194826,112746,108126,314041,575041,128661
"Spotsylvania County",93158,122335,169065,110231,234607,248307,110667,348794,320994,170361,191659,80920,57924,145468,594371,159528,41034,198728,243917,188881,174563,50166,364808,125212,266764,356379,89289,289105,198739,135358,12470,247129,232950,114332,474958,90407
"Stafford County",123630,164407,199537,64550,265079,268797,64986,379266,351466,190851,212149,101410,47737,144967,624843,113848,83455,229200,264407,209371,195053,75377,429061,145702,297236,386851,109779,319577,229211,163321,37245,267619,253440,111860,505430,110897
"Staunton city",60038,179304,94176,254253,129740,344245,220463,210982,183182,266298,277929,164733,196363,285468,456559,211249,110351,123840,237866,284819,270501,107795,252446,211483,191876,218567,175559,151293,60927,37854,158330,343067,328888,143513,337146,158282
"Suffolk city",251648,163845,284467,304259,318682,51165,304696,403106,338508,108858,89738,150300,239550,164162,738259,353557,228023,284822,174863,68042,80553,257841,370219,103887,283947,455378,137740,373577,357229,341108,223547,66443,61822,342762,618846,153379
"Surry County",207103,119535,229346,246005,277688,94348,246442,399217,313055,72038,97897,95179,181296,161593,708315,295303,183478,243828,170973,66288,80295,213296,366330,62894,282038,470324,78073,332584,312684,296563,165293,104206,97933,284508,588903,98258
"Sussex County",192776,108583,226207,241383,243855,117833,241820,348528,281374,155120,47208,91427,176673,187409,618543,290681,169150,209995,120285,103790,117796,198969,315641,45015,226813,380552,78868,298751,298357,282236,160671,133111,128491,279886,499130,94507
"Tazewell County",382972,410692,321488,583529,258761,667179,549739,180763,254997,589232,530730,487667,519297,608402,175029,540525,433285,298649,390409,607753,593435,430729,193814,474364,306068,125551,498493,211299,280513,367130,481264,666001,651822,472790,88691,481216
"Virginia Beach city",289122,242984,365028,329847,397426,26221,330283,544758,408085,107546,159315,187774,265137,162851,790334,379145,265497,363566,244439,66730,79241,295315,439796,159380,353524,552343,172758,485069,394703,378582,249135,7086,27434,368350,670922,190853
"Warren County",125857,212436,195993,116574,252624,364702,82784,333866,306066,286755,308054,197315,144102,240871,579443,89972,123503,225656,360312,305276,290958,97482,375330,241607,293692,341451,205683,274177,183811,98467,116367,363524,349345,3004,460030,206801
"Washington County",382557,410277,321074,583115,258346,666764,549324,180348,254583,588818,530316,487252,518883,607987,131242,540110,432871,298234,389994,607338,593021,430314,193399,473949,305653,125137,498078,210884,280098,366715,480849,665586,651407,472375,6499,480802
"Waynesboro city",41758,161024,75897,219446,141439,325965,232955,220329,192528,248019,259650,146453,178084,267188,465905,223741,92072,105560,219587,266539,252222,89515,261793,193203,173596,227914,157279,160640,70274,50346,140050,324787,310608,156006,346493,140003
"Westmoreland County",206890,170322,282797,153159,348339,200772,153595,462526,434726,99913,202697,107405,44826,56925,708103,202457,138238,312460,261767,140749,133724,134326,457123,143062,340753,470111,99372,402837,312471,219518,90740,199594,185415,188232,588690,116811
"Williamsburg city",196785,150647,272691,237510,305089,96377,237947,452421,352095,45170,170738,95437,172801,105299,697998,286808,173160,271229,229807,36951,22633,202978,425164,111103,321079,460006,80421,392732,302366,286245,156798,95199,81020,276013,578585,98516
"Winchester city",204663,275446,238801,131708,274365,379836,97918,355607,327807,301889,323187,212449,159236,256005,601184,65889,162457,268465,375446,320409,306092,138249,397071,256741,336501,363192,220817,295918,205552,120208,146263,378658,364479,40800,481771,221935
"Wise County",467990,495710,406507,668548,343779,752198,634757,265781,340016,674251,615749,572685,604316,693420,73970,625543,518304,383668,475428,692771,678454,515747,278833,559383,391086,210570,583512,296317,365531,452148,566282,751020,736841,557808,84148,566235
"Wythe County",301726,329446,240243,502284,177515,585933,468493,99517,173752,507987,449485,406421,438052,527156,213532,459279,352040,217403,309163,526507,512189,349483,112568,393118,224822,44306,417247,130053,199267,285884,400018,584755,570576,391544,94119,399971
"York County",225746,179608,301652,266471,334050,79676,266907,481382,381056,37366,171733,124398,164679,92671,726958,315769,202121,300190,258768,19652,15495,231939,454125,140063,350039,488967,109382,421693,331327,315206,185759,78498,64319,304974,607546,127477
